sequence,n_frames,n_sem_deteccao,taxa_deteccao,visibility_media,segundos
fall-01-cam0-rgb,160,12,0.925,0.8267,8.8
fall-02-cam0-rgb,110,0,1.0,0.7282,6.6
fall-03-cam0-rgb,215,0,1.0,0.8434,13.2
fall-05-cam0-rgb,151,0,1.0,0.8196,9.9
fall-06-cam0-rgb,100,0,1.0,0.8714,6.7
fall-08-cam0-rgb,91,0,1.0,0.8753,6.2
fall-09-cam0-rgb,185,0,1.0,0.8357,11.6
fall-10-cam0-rgb,130,0,1.0,0.687,8.1
fall-11-cam0-rgb,130,0,1.0,0.8856,8.4
fall-12-cam0-rgb,110,0,1.0,0.9173,7.0
fall-13-cam0-rgb,85,1,0.9882,0.8664,5.4
fall-14-cam0-rgb,61,0,1.0,0.745,3.9
fall-15-cam0-rgb,71,15,0.7887,0.9084,4.1
fall-16-cam0-rgb,55,0,1.0,0.7517,3.6
fall-17-cam0-rgb,95,0,1.0,0.8965,6.0
fall-18-cam0-rgb,65,8,0.8769,0.7226,4.0
fall-19-cam0-rgb,100,49,0.51,0.9449,5.0
fall-20-cam0-rgb,110,0,1.0,0.8075,7.0
fall-21-cam0-rgb,55,7,0.8727,0.9496,3.4
fall-22-cam0-rgb,56,0,1.0,0.6778,3.7
fall-23-cam0-rgb,75,3,0.96,0.836,4.9
fall-24-cam0-rgb,60,0,1.0,0.6628,3.9
fall-25-cam0-rgb,85,0,1.0,0.9018,5.9
fall-26-cam0-rgb,61,0,1.0,0.709,3.8
fall-27-cam0-rgb,92,0,1.0,0.9041,6.1
fall-28-cam0-rgb,66,5,0.9242,0.7849,4.1
fall-29-cam0-rgb,99,0,1.0,0.8313,6.0
fall-30-cam0-rgb,70,0,1.0,0.7158,4.0
fall-01-cam0-rgb,160,12,0.925,0.8267,8.2
fall-02-cam0-rgb,110,0,1.0,0.7282,6.1
fall-03-cam0-rgb,215,0,1.0,0.8434,11.9
fall-05-cam0-rgb,151,0,1.0,0.8196,9.1
fall-06-cam0-rgb,100,0,1.0,0.8714,5.9
fall-08-cam0-rgb,91,0,1.0,0.8753,5.3
fall-09-cam0-rgb,185,0,1.0,0.8357,9.9
fall-10-cam0-rgb,130,0,1.0,0.687,7.4
fall-11-cam0-rgb,130,0,1.0,0.8856,7.1
fall-12-cam0-rgb,110,0,1.0,0.9173,5.9
fall-13-cam0-rgb,85,1,0.9882,0.8664,4.9
fall-14-cam0-rgb,61,0,1.0,0.745,3.4
fall-15-cam0-rgb,71,15,0.7887,0.9084,3.5
fall-16-cam0-rgb,55,0,1.0,0.7517,3.0
fall-17-cam0-rgb,95,0,1.0,0.8965,5.7
fall-18-cam0-rgb,65,8,0.8769,0.7226,3.6
fall-19-cam0-rgb,100,49,0.51,0.9449,4.0
fall-20-cam0-rgb,110,0,1.0,0.8075,6.5
fall-21-cam0-rgb,55,7,0.8727,0.9496,3.2
fall-22-cam0-rgb,56,0,1.0,0.6778,3.5
fall-23-cam0-rgb,75,3,0.96,0.836,4.6
fall-24-cam0-rgb,60,0,1.0,0.6628,3.6
fall-25-cam0-rgb,85,0,1.0,0.9018,5.1
fall-26-cam0-rgb,61,0,1.0,0.709,3.7
fall-27-cam0-rgb,92,0,1.0,0.9041,5.3
fall-28-cam0-rgb,66,5,0.9242,0.7849,3.5
fall-29-cam0-rgb,99,0,1.0,0.8313,6.2
fall-30-cam0-rgb,70,0,1.0,0.7158,4.2
adl-01-cam0-rgb,150,14,0.9067,0.8591,9.7
adl-02-cam0-rgb,180,41,0.7722,0.9171,10.2
adl-03-cam0-rgb,180,4,0.9778,0.7667,11.9
adl-04-cam0-d,150,79,0.4733,0.6294,6.7
adl-04-cam0-rgb,150,0,1.0,0.8862,9.9
adl-05-cam0-rgb,180,3,0.9833,0.8939,11.8
adl-06-cam0-rgb,230,25,0.8913,0.857,13.7
adl-07-cam0-rgb,180,4,0.9778,0.953,11.3
adl-08-cam0-rgb,180,23,0.8722,0.9571,11.0
adl-09-cam0-rgb,150,0,1.0,0.8825,10.7
adl-10-cam0-rgb,300,5,0.9833,0.7674,19.7
adl-11-cam0-rgb,300,15,0.95,0.8403,19.2
adl-12-cam0-rgb,250,64,0.744,0.8376,14.5
adl-13-cam0-rgb,265,106,0.6,0.8213,12.5
adl-14-cam0-rgb,235,60,0.7447,0.8802,14.0
adl-15-cam0-rgb,275,70,0.7455,0.8447,16.2
adl-16-cam0-rgb,240,80,0.6667,0.7749,11.9
adl-17-cam0-rgb,230,68,0.7043,0.8161,12.0
adl-18-cam0-rgb,265,93,0.6491,0.7814,12.7
adl-19-cam0-rgb,250,133,0.468,0.8163,10.9
adl-20-cam0-rgb,270,76,0.7185,0.7824,15.0
adl-21-cam0-rgb,280,119,0.575,0.7842,12.4
adl-22-cam0-rgb,240,123,0.4875,0.7682,10.0
adl-23-cam0-rgb,220,102,0.5364,0.782,9.5
adl-24-cam0-rgb,70,0,1.0,0.9365,4.2
adl-25-cam0-rgb,110,0,1.0,0.96,6.5
adl-26-cam0-rgb,95,0,1.0,0.9202,5.7
adl-27-cam0-rgb,100,0,1.0,0.9656,6.2
adl-28-cam0-rgb,85,0,1.0,0.9142,5.1
adl-29-cam0-rgb,125,0,1.0,0.9079,7.4
adl-30-cam0-rgb,400,177,0.5575,0.785,22.8
fall-01-cam0-rgb,160,12,0.925,0.8267,8.2
fall-02-cam0-rgb,110,0,1.0,0.7282,5.9
fall-03-cam0-rgb,215,0,1.0,0.8434,11.3
fall-05-cam0-rgb,151,0,1.0,0.8196,8.1
fall-06-cam0-rgb,100,0,1.0,0.8714,5.4
fall-08-cam0-rgb,91,0,1.0,0.8753,5.0
fall-09-cam0-rgb,185,0,1.0,0.8357,9.7
fall-10-cam0-rgb,130,0,1.0,0.687,7.1
fall-11-cam0-rgb,130,0,1.0,0.8856,7.1
fall-12-cam0-rgb,110,0,1.0,0.9173,6.1
fall-13-cam0-rgb,85,1,0.9882,0.8664,4.7
fall-14-cam0-rgb,61,0,1.0,0.745,3.4
fall-15-cam0-rgb,71,15,0.7887,0.9084,3.6
fall-16-cam0-rgb,55,0,1.0,0.7517,3.0
fall-17-cam0-rgb,95,0,1.0,0.8965,5.2
fall-18-cam0-rgb,65,8,0.8769,0.7226,3.4
fall-19-cam0-rgb,100,49,0.51,0.9449,4.1
fall-20-cam0-rgb,110,0,1.0,0.8075,6.0
fall-21-cam0-rgb,55,7,0.8727,0.9496,2.9
fall-22-cam0-rgb,56,0,1.0,0.6778,3.1
fall-23-cam0-rgb,75,3,0.96,0.836,4.1
fall-24-cam0-rgb,60,0,1.0,0.6628,3.3
fall-25-cam0-rgb,85,0,1.0,0.9018,4.7
fall-26-cam0-rgb,61,0,1.0,0.709,3.4
fall-27-cam0-rgb,92,0,1.0,0.9041,5.0
fall-28-cam0-rgb,66,5,0.9242,0.7849,3.5
fall-29-cam0-rgb,99,0,1.0,0.8313,5.3
fall-30-cam0-rgb,70,0,1.0,0.7158,3.9
